{
  "lang":"en",
  "name":"pipeline",
  "version":"0.0.0",
  "spacy_version":">=3.2.4,<3.3.0",
  "description":"",
  "author":"",
  "email":"",
  "url":"",
  "license":"",
  "spacy_git_version":"b50fe5ec6",
  "vectors":{
    "width":0,
    "vectors":0,
    "keys":0,
    "name":null,
    "mode":"default"
  },
  "labels":{
    "tok2vec":[

    ],
    "ner":[
      "B",
      "I"
    ]
  },
  "pipeline":[
    "tok2vec",
    "ner"
  ],
  "components":[
    "tok2vec",
    "ner"
  ],
  "disabled":[

  ],
  "performance":{
    "ents_f":0.8924731183,
    "ents_p":0.8952234206,
    "ents_r":0.8897396631,
    "ents_per_type":{
      "B-DATE":{
        "p":1.0,
        "r":0.8157894737,
        "f":0.8985507246
      },
      "B-AGE":{
        "p":0.9705882353,
        "r":0.9428571429,
        "f":0.9565217391
      },
      "I-AGE":{
        "p":0.9655172414,
        "r":0.9032258065,
        "f":0.9333333333
      },
      "B-TEST":{
        "p":0.9024390244,
        "r":0.9024390244,
        "f":0.9024390244
      },
      "I-TEST":{
        "p":0.7647058824,
        "r":0.8666666667,
        "f":0.8125
      },
      "B-RESULT":{
        "p":0.9054545455,
        "r":0.8556701031,
        "f":0.8798586572
      },
      "I-RESULT":{
        "p":0.9018302829,
        "r":0.9003322259,
        "f":0.9010806318
      },
      "I-COMMENTS":{
        "p":0.8669950739,
        "r":0.9166666667,
        "f":0.8911392405
      },
      "B-COMMENTS":{
        "p":0.8461538462,
        "r":0.8461538462,
        "f":0.8461538462
      },
      "B-PATIENTNAME":{
        "p":1.0,
        "r":1.0,
        "f":1.0
      },
      "I-PATIENTNAME":{
        "p":1.0,
        "r":1.0,
        "f":1.0
      }
    },
    "tok2vec_loss":924.8775468859,
    "ner_loss":1466.1558436656
  }
}