{
  "lang":"en",
  "name":"pipeline",
  "version":"0.0.0",
  "spacy_version":">=3.2.4,<3.3.0",
  "description":"",
  "author":"",
  "email":"",
  "url":"",
  "license":"",
  "spacy_git_version":"b50fe5ec6",
  "vectors":{
    "width":0,
    "vectors":0,
    "keys":0,
    "name":null,
    "mode":"default"
  },
  "labels":{
    "tok2vec":[

    ],
    "ner":[
      "B",
      "I"
    ]
  },
  "pipeline":[
    "tok2vec",
    "ner"
  ],
  "components":[
    "tok2vec",
    "ner"
  ],
  "disabled":[

  ],
  "performance":{
    "ents_f":0.8935202728,
    "ents_p":0.8844711178,
    "ents_r":0.9027565084,
    "ents_per_type":{
      "B-DATE":{
        "p":0.9696969697,
        "r":0.8421052632,
        "f":0.9014084507
      },
      "B-AGE":{
        "p":0.9696969697,
        "r":0.9142857143,
        "f":0.9411764706
      },
      "I-AGE":{
        "p":0.9655172414,
        "r":0.9032258065,
        "f":0.9333333333
      },
      "B-TEST":{
        "p":0.9230769231,
        "r":0.8780487805,
        "f":0.9
      },
      "I-TEST":{
        "p":0.8524590164,
        "r":0.8666666667,
        "f":0.8595041322
      },
      "B-RESULT":{
        "p":0.8823529412,
        "r":0.8762886598,
        "f":0.8793103448
      },
      "I-RESULT":{
        "p":0.8948220065,
        "r":0.9186046512,
        "f":0.906557377
      },
      "I-COMMENTS":{
        "p":0.8186046512,
        "r":0.9166666667,
        "f":0.8648648649
      },
      "B-COMMENTS":{
        "p":0.9230769231,
        "r":0.9230769231,
        "f":0.9230769231
      },
      "B-PATIENTNAME":{
        "p":1.0,
        "r":1.0,
        "f":1.0
      },
      "I-PATIENTNAME":{
        "p":1.0,
        "r":1.0,
        "f":1.0
      }
    },
    "tok2vec_loss":934.7110832277,
    "ner_loss":1741.6372289413
  }
}